sample_id,big_region,sub_region,fastq1,fastq2
population2_HD01,population2,HD01,/public/agis/wanfanghao_group/zoujianghua/sorted_data/population2/HD01/DP8450001406BR_L01_449_1.fq.gz,/public/agis/wanfanghao_group/zoujianghua/sorted_data/population2/HD01/DP8450001406BR_L01_449_2.fq.gz
population2_HD02,population2,HD02,/public/agis/wanfanghao_group/zoujianghua/sorted_data/population2/HD02/DP8450001406BR_L01_451_1.fq.gz,/public/agis/wanfanghao_group/zoujianghua/sorted_data/population2/HD02/DP8450001406BR_L01_451_2.fq.gz
population2_HD03,population2,HD03,/public/agis/wanfanghao_group/zoujianghua/sorted_data/population2/HD03/DP8450001406BR_L01_452_1.fq.gz,/public/agis/wanfanghao_group/zoujianghua/sorted_data/population2/HD03/DP8450001406BR_L01_452_2.fq.gz
population2_HD04,population2,HD04,/public/agis/wanfanghao_group/zoujianghua/sorted_data/population2/HD04/DP8450001406BR_L01_453_1.fq.gz,/public/agis/wanfanghao_group/zoujianghua/sorted_data/population2/HD04/DP8450001406BR_L01_453_2.fq.gz
population2_HD05,population2,HD05,/public/agis/wanfanghao_group/zoujianghua/sorted_data/population2/HD05/DP8450001406BR_L01_455_1.fq.gz,/public/agis/wanfanghao_group/zoujianghua/sorted_data/population2/HD05/DP8450001406BR_L01_455_2.fq.gz
population2_HD06,population2,HD06,/public/agis/wanfanghao_group/zoujianghua/sorted_data/population2/HD06/DP8450001406BR_L01_456_1.fq.gz,/public/agis/wanfanghao_group/zoujianghua/sorted_data/population2/HD06/DP8450001406BR_L01_456_2.fq.gz
population2_HY01,population2,HY01,/public/agis/wanfanghao_group/zoujianghua/sorted_data/population2/HY01/DP8450001406BR_L01_305_1.fq.gz,/public/agis/wanfanghao_group/zoujianghua/sorted_data/population2/HY01/DP8450001406BR_L01_305_2.fq.gz
population2_HY02,population2,HY02,/public/agis/wanfanghao_group/zoujianghua/sorted_data/population2/HY02/DP8400029942TR_L01_212_1.fq.gz,/public/agis/wanfanghao_group/zoujianghua/sorted_data/population2/HY02/DP8400029942TR_L01_212_2.fq.gz
population2_HY03,population2,HY03,/public/agis/wanfanghao_group/zoujianghua/sorted_data/population2/HY03/DP8450001406BR_L01_306_1.fq.gz,/public/agis/wanfanghao_group/zoujianghua/sorted_data/population2/HY03/DP8450001406BR_L01_306_2.fq.gz
population2_HY04,population2,HY04,/public/agis/wanfanghao_group/zoujianghua/sorted_data/population2/HY04/DP8450001406BR_L01_307_1.fq.gz,/public/agis/wanfanghao_group/zoujianghua/sorted_data/population2/HY04/DP8450001406BR_L01_307_2.fq.gz
population2_HY05,population2,HY05,/public/agis/wanfanghao_group/zoujianghua/sorted_data/population2/HY05/DP8450001406BR_L01_308_1.fq.gz,/public/agis/wanfanghao_group/zoujianghua/sorted_data/population2/HY05/DP8450001406BR_L01_308_2.fq.gz
population2_HY06,population2,HY06,/public/agis/wanfanghao_group/zoujianghua/sorted_data/population2/HY06/DP8450001406BR_L01_309_1.fq.gz,/public/agis/wanfanghao_group/zoujianghua/sorted_data/population2/HY06/DP8450001406BR_L01_309_2.fq.gz
population2_HY07,population2,HY07,/public/agis/wanfanghao_group/zoujianghua/sorted_data/population2/HY07/DP8450001406BR_L01_310_1.fq.gz,/public/agis/wanfanghao_group/zoujianghua/sorted_data/population2/HY07/DP8450001406BR_L01_310_2.fq.gz
population2_HY08,population2,HY08,/public/agis/wanfanghao_group/zoujianghua/sorted_data/population2/HY08/DP8400029942TR_L01_209_1.fq.gz;/public/agis/wanfanghao_group/zoujianghua/sorted_data/population2/HY08/DP8400029942TR_L01_211_1.fq.gz;/public/agis/wanfanghao_group/zoujianghua/sorted_data/population2/HY08/DP8400029942TR_L01_212_1.fq.gz;/public/agis/wanfanghao_group/zoujianghua/sorted_data/population2/HY08/DP8450001406BR_L01_311_1.fq.gz,/public/agis/wanfanghao_group/zoujianghua/sorted_data/population2/HY08/DP8400029942TR_L01_209_2.fq.gz;/public/agis/wanfanghao_group/zoujianghua/sorted_data/population2/HY08/DP8400029942TR_L01_211_2.fq.gz;/public/agis/wanfanghao_group/zoujianghua/sorted_data/population2/HY08/DP8400029942TR_L01_212_2.fq.gz;/public/agis/wanfanghao_group/zoujianghua/sorted_data/population2/HY08/DP8450001406BR_L01_311_2.fq.gz
population2_JT01,population2,JT01,/public/agis/wanfanghao_group/zoujianghua/sorted_data/population2/JT01/DP8450001333TR_L01_287_1.fq.gz,/public/agis/wanfanghao_group/zoujianghua/sorted_data/population2/JT01/DP8450001333TR_L01_287_2.fq.gz
population2_JT02,population2,JT02,/public/agis/wanfanghao_group/zoujianghua/sorted_data/population2/JT02/DP8450001333TR_L01_288_1.fq.gz,/public/agis/wanfanghao_group/zoujianghua/sorted_data/population2/JT02/DP8450001333TR_L01_288_2.fq.gz
population2_JT03,population2,JT03,/public/agis/wanfanghao_group/zoujianghua/sorted_data/population2/JT03/DP8450001333TR_L01_289_1.fq.gz,/public/agis/wanfanghao_group/zoujianghua/sorted_data/population2/JT03/DP8450001333TR_L01_289_2.fq.gz
population2_MM01,population2,MM01,/public/agis/wanfanghao_group/zoujianghua/sorted_data/population2/MM01/DP8450001406BR_L01_421_1.fq.gz,/public/agis/wanfanghao_group/zoujianghua/sorted_data/population2/MM01/DP8450001406BR_L01_421_2.fq.gz
population2_MM02,population2,MM02,/public/agis/wanfanghao_group/zoujianghua/sorted_data/population2/MM02/DP8450001406BR_L01_423_1.fq.gz,/public/agis/wanfanghao_group/zoujianghua/sorted_data/population2/MM02/DP8450001406BR_L01_423_2.fq.gz
population2_MM03,population2,MM03,/public/agis/wanfanghao_group/zoujianghua/sorted_data/population2/MM03/DP8450001406BR_L01_424_1.fq.gz,/public/agis/wanfanghao_group/zoujianghua/sorted_data/population2/MM03/DP8450001406BR_L01_424_2.fq.gz
population2_MM04,population2,MM04,/public/agis/wanfanghao_group/zoujianghua/sorted_data/population2/MM04/DP8450001406BR_L01_425_1.fq.gz,/public/agis/wanfanghao_group/zoujianghua/sorted_data/population2/MM04/DP8450001406BR_L01_425_2.fq.gz
population2_MM05,population2,MM05,/public/agis/wanfanghao_group/zoujianghua/sorted_data/population2/MM05/DP8450001333TR_L01_428_1.fq.gz,/public/agis/wanfanghao_group/zoujianghua/sorted_data/population2/MM05/DP8450001333TR_L01_428_2.fq.gz
population2_MM06,population2,MM06,/public/agis/wanfanghao_group/zoujianghua/sorted_data/population2/MM06/DP8450001333TR_L01_429_1.fq.gz,/public/agis/wanfanghao_group/zoujianghua/sorted_data/population2/MM06/DP8450001333TR_L01_429_2.fq.gz
population2_MM07,population2,MM07,/public/agis/wanfanghao_group/zoujianghua/sorted_data/population2/MM07/DP8450001333TR_L01_431_1.fq.gz,/public/agis/wanfanghao_group/zoujianghua/sorted_data/population2/MM07/DP8450001333TR_L01_431_2.fq.gz
population2_MM08,population2,MM08,/public/agis/wanfanghao_group/zoujianghua/sorted_data/population2/MM08/DP8450001333TR_L01_434_1.fq.gz,/public/agis/wanfanghao_group/zoujianghua/sorted_data/population2/MM08/DP8450001333TR_L01_434_2.fq.gz
population2_MM09,population2,MM09,/public/agis/wanfanghao_group/zoujianghua/sorted_data/population2/MM09/DP8450001406BR_L01_446_1.fq.gz,/public/agis/wanfanghao_group/zoujianghua/sorted_data/population2/MM09/DP8450001406BR_L01_446_2.fq.gz
population2_MM10,population2,MM10,/public/agis/wanfanghao_group/zoujianghua/sorted_data/population2/MM10/DP8450001020TL_L01_448_1.fq.gz;/public/agis/wanfanghao_group/zoujianghua/sorted_data/population2/MM10/DP8450001406BR_L01_448_1.fq.gz,/public/agis/wanfanghao_group/zoujianghua/sorted_data/population2/MM10/DP8450001020TL_L01_448_2.fq.gz;/public/agis/wanfanghao_group/zoujianghua/sorted_data/population2/MM10/DP8450001406BR_L01_448_2.fq.gz
population2_WC01,population2,WC01,/public/agis/wanfanghao_group/zoujianghua/sorted_data/population2/WC01/DP8450001333TR_L01_299_1.fq.gz,/public/agis/wanfanghao_group/zoujianghua/sorted_data/population2/WC01/DP8450001333TR_L01_299_2.fq.gz
population2_WC02,population2,WC02,/public/agis/wanfanghao_group/zoujianghua/sorted_data/population2/WC02/DP8450001333TR_L01_300_1.fq.gz,/public/agis/wanfanghao_group/zoujianghua/sorted_data/population2/WC02/DP8450001333TR_L01_300_2.fq.gz
population2_WC03,population2,WC03,/public/agis/wanfanghao_group/zoujianghua/sorted_data/population2/WC03/DP8450001406BR_L01_301_1.fq.gz,/public/agis/wanfanghao_group/zoujianghua/sorted_data/population2/WC03/DP8450001406BR_L01_301_2.fq.gz
population2_WC04,population2,WC04,/public/agis/wanfanghao_group/zoujianghua/sorted_data/population2/WC04/DP8450001406BR_L01_302_1.fq.gz,/public/agis/wanfanghao_group/zoujianghua/sorted_data/population2/WC04/DP8450001406BR_L01_302_2.fq.gz
population2_WL01,population2,WL01,/public/agis/wanfanghao_group/zoujianghua/sorted_data/population2/WL01/DP8450001406BR_L01_417_1.fq.gz,/public/agis/wanfanghao_group/zoujianghua/sorted_data/population2/WL01/DP8450001406BR_L01_417_2.fq.gz
population2_WL02,population2,WL02,/public/agis/wanfanghao_group/zoujianghua/sorted_data/population2/WL02/DP8450001406BR_L01_418_1.fq.gz,/public/agis/wanfanghao_group/zoujianghua/sorted_data/population2/WL02/DP8450001406BR_L01_418_2.fq.gz
population2_WL03,population2,WL03,/public/agis/wanfanghao_group/zoujianghua/sorted_data/population2/WL03/DP8450001406BR_L01_419_1.fq.gz,/public/agis/wanfanghao_group/zoujianghua/sorted_data/population2/WL03/DP8450001406BR_L01_419_2.fq.gz
population2_WL04,population2,WL04,/public/agis/wanfanghao_group/zoujianghua/sorted_data/population2/WL04/DP8400029942TR_L01_209_1.fq.gz,/public/agis/wanfanghao_group/zoujianghua/sorted_data/population2/WL04/DP8400029942TR_L01_209_2.fq.gz
population2_WL05,population2,WL05,/public/agis/wanfanghao_group/zoujianghua/sorted_data/population2/WL05/DP8400029942TR_L01_211_1.fq.gz,/public/agis/wanfanghao_group/zoujianghua/sorted_data/population2/WL05/DP8400029942TR_L01_211_2.fq.gz
population2_WL07,population2,WL07,/public/agis/wanfanghao_group/zoujianghua/sorted_data/population2/WL07/DP8450001406BR_L01_420_1.fq.gz,/public/agis/wanfanghao_group/zoujianghua/sorted_data/population2/WL07/DP8450001406BR_L01_420_2.fq.gz
population2_YL01,population2,YL01,/public/agis/wanfanghao_group/zoujianghua/sorted_data/population2/YL01/DP8450001333TR_L01_471_1.fq.gz,/public/agis/wanfanghao_group/zoujianghua/sorted_data/population2/YL01/DP8450001333TR_L01_471_2.fq.gz
population2_YL02,population2,YL02,/public/agis/wanfanghao_group/zoujianghua/sorted_data/population2/YL02/DP8450001333TR_L01_482_1.fq.gz,/public/agis/wanfanghao_group/zoujianghua/sorted_data/population2/YL02/DP8450001333TR_L01_482_2.fq.gz
population2_YL03,population2,YL03,/public/agis/wanfanghao_group/zoujianghua/sorted_data/population2/YL03/DP8450001333TR_L01_483_1.fq.gz,/public/agis/wanfanghao_group/zoujianghua/sorted_data/population2/YL03/DP8450001333TR_L01_483_2.fq.gz
population2_YX01,population2,YX01,/public/agis/wanfanghao_group/zoujianghua/sorted_data/population2/YX01/DP8450001333TR_L01_290_1.fq.gz,/public/agis/wanfanghao_group/zoujianghua/sorted_data/population2/YX01/DP8450001333TR_L01_290_2.fq.gz
population2_YX02,population2,YX02,/public/agis/wanfanghao_group/zoujianghua/sorted_data/population2/YX02/DP8450001333TR_L01_291_1.fq.gz,/public/agis/wanfanghao_group/zoujianghua/sorted_data/population2/YX02/DP8450001333TR_L01_291_2.fq.gz
population2_YX03,population2,YX03,/public/agis/wanfanghao_group/zoujianghua/sorted_data/population2/YX03/DP8450001333TR_L01_292_1.fq.gz,/public/agis/wanfanghao_group/zoujianghua/sorted_data/population2/YX03/DP8450001333TR_L01_292_2.fq.gz
population2_YX04,population2,YX04,/public/agis/wanfanghao_group/zoujianghua/sorted_data/population2/YX04/DP8450001333TR_L01_293_1.fq.gz,/public/agis/wanfanghao_group/zoujianghua/sorted_data/population2/YX04/DP8450001333TR_L01_293_2.fq.gz
population2_YX05,population2,YX05,/public/agis/wanfanghao_group/zoujianghua/sorted_data/population2/YX05/DP8450001333TR_L01_294_1.fq.gz,/public/agis/wanfanghao_group/zoujianghua/sorted_data/population2/YX05/DP8450001333TR_L01_294_2.fq.gz
population2_YX06,population2,YX06,/public/agis/wanfanghao_group/zoujianghua/sorted_data/population2/YX06/DP8450001333TR_L01_295_1.fq.gz,/public/agis/wanfanghao_group/zoujianghua/sorted_data/population2/YX06/DP8450001333TR_L01_295_2.fq.gz
population2_YX07,population2,YX07,/public/agis/wanfanghao_group/zoujianghua/sorted_data/population2/YX07/DP8450001333TR_L01_297_1.fq.gz,/public/agis/wanfanghao_group/zoujianghua/sorted_data/population2/YX07/DP8450001333TR_L01_297_2.fq.gz
population2_YX08,population2,YX08,/public/agis/wanfanghao_group/zoujianghua/sorted_data/population2/YX08/DP8450001333TR_L01_298_1.fq.gz,/public/agis/wanfanghao_group/zoujianghua/sorted_data/population2/YX08/DP8450001333TR_L01_298_2.fq.gz
population2_ZA01,population2,ZA01,/public/agis/wanfanghao_group/zoujianghua/sorted_data/population2/ZA01/DP8450001406BR_L01_312_1.fq.gz,/public/agis/wanfanghao_group/zoujianghua/sorted_data/population2/ZA01/DP8450001406BR_L01_312_2.fq.gz
population2_ZA02,population2,ZA02,/public/agis/wanfanghao_group/zoujianghua/sorted_data/population2/ZA02/DP8450001406BR_L01_313_1.fq.gz,/public/agis/wanfanghao_group/zoujianghua/sorted_data/population2/ZA02/DP8450001406BR_L01_313_2.fq.gz
population2_ZA03,population2,ZA03,/public/agis/wanfanghao_group/zoujianghua/sorted_data/population2/ZA03/DP8450001406BR_L01_314_1.fq.gz,/public/agis/wanfanghao_group/zoujianghua/sorted_data/population2/ZA03/DP8450001406BR_L01_314_2.fq.gz
population2_ZA04,population2,ZA04,/public/agis/wanfanghao_group/zoujianghua/sorted_data/population2/ZA04/DP8450001406BR_L01_315_1.fq.gz,/public/agis/wanfanghao_group/zoujianghua/sorted_data/population2/ZA04/DP8450001406BR_L01_315_2.fq.gz
population2_ZA05,population2,ZA05,/public/agis/wanfanghao_group/zoujianghua/sorted_data/population2/ZA05/DP8450001406BR_L01_304_1.fq.gz,/public/agis/wanfanghao_group/zoujianghua/sorted_data/population2/ZA05/DP8450001406BR_L01_304_2.fq.gz
population2_ZH01,population2,ZH01,/public/agis/wanfanghao_group/zoujianghua/sorted_data/population2/ZH01/DP8450001333TR_L01_457_1.fq.gz,/public/agis/wanfanghao_group/zoujianghua/sorted_data/population2/ZH01/DP8450001333TR_L01_457_2.fq.gz
population2_ZH02,population2,ZH02,/public/agis/wanfanghao_group/zoujianghua/sorted_data/population2/ZH02/DP8450001333TR_L01_461_1.fq.gz,/public/agis/wanfanghao_group/zoujianghua/sorted_data/population2/ZH02/DP8450001333TR_L01_461_2.fq.gz
population2_ZH03,population2,ZH03,/public/agis/wanfanghao_group/zoujianghua/sorted_data/population2/ZH03/DP8450001333TR_L01_462_1.fq.gz,/public/agis/wanfanghao_group/zoujianghua/sorted_data/population2/ZH03/DP8450001333TR_L01_462_2.fq.gz
population2_ZH04,population2,ZH04,/public/agis/wanfanghao_group/zoujianghua/sorted_data/population2/ZH04/DP8450001333TR_L01_463_1.fq.gz,/public/agis/wanfanghao_group/zoujianghua/sorted_data/population2/ZH04/DP8450001333TR_L01_463_2.fq.gz
population2_ZH05,population2,ZH05,/public/agis/wanfanghao_group/zoujianghua/sorted_data/population2/ZH05/DP8450001333TR_L01_464_1.fq.gz,/public/agis/wanfanghao_group/zoujianghua/sorted_data/population2/ZH05/DP8450001333TR_L01_464_2.fq.gz
population2_ZH06,population2,ZH06,/public/agis/wanfanghao_group/zoujianghua/sorted_data/population2/ZH06/DP8450001333TR_L01_465_1.fq.gz,/public/agis/wanfanghao_group/zoujianghua/sorted_data/population2/ZH06/DP8450001333TR_L01_465_2.fq.gz
population2_ZH07,population2,ZH07,/public/agis/wanfanghao_group/zoujianghua/sorted_data/population2/ZH07/DP8450001333TR_L01_466_1.fq.gz,/public/agis/wanfanghao_group/zoujianghua/sorted_data/population2/ZH07/DP8450001333TR_L01_466_2.fq.gz
population2_ZH08,population2,ZH08,/public/agis/wanfanghao_group/zoujianghua/sorted_data/population2/ZH08/DP8450001333TR_L01_467_1.fq.gz,/public/agis/wanfanghao_group/zoujianghua/sorted_data/population2/ZH08/DP8450001333TR_L01_467_2.fq.gz
population2_ZH09,population2,ZH09,/public/agis/wanfanghao_group/zoujianghua/sorted_data/population2/ZH09/DP8450001333TR_L01_469_1.fq.gz,/public/agis/wanfanghao_group/zoujianghua/sorted_data/population2/ZH09/DP8450001333TR_L01_469_2.fq.gz
population2_ZH10,population2,ZH10,/public/agis/wanfanghao_group/zoujianghua/sorted_data/population2/ZH10/DP8450001333TR_L01_470_1.fq.gz,/public/agis/wanfanghao_group/zoujianghua/sorted_data/population2/ZH10/DP8450001333TR_L01_470_2.fq.gz
population5_NN01,population5,NN01,/public/agis/wanfanghao_group/zoujianghua/sorted_data/population5/NN01/E100055946_L01_409_1.fq.gz,/public/agis/wanfanghao_group/zoujianghua/sorted_data/population5/NN01/E100055946_L01_409_2.fq.gz
population5_NN02,population5,NN02,/public/agis/wanfanghao_group/zoujianghua/sorted_data/population5/NN02/FP150000310TL_L01_194_1.fq.gz,/public/agis/wanfanghao_group/zoujianghua/sorted_data/population5/NN02/FP150000310TL_L01_194_2.fq.gz
population5_NN03,population5,NN03,/public/agis/wanfanghao_group/zoujianghua/sorted_data/population5/NN03/E100055946_L01_410_1.fq.gz,/public/agis/wanfanghao_group/zoujianghua/sorted_data/population5/NN03/E100055946_L01_410_2.fq.gz
population5_NN04,population5,NN04,/public/agis/wanfanghao_group/zoujianghua/sorted_data/population5/NN04/E100055946_L01_411_1.fq.gz,/public/agis/wanfanghao_group/zoujianghua/sorted_data/population5/NN04/E100055946_L01_411_2.fq.gz
population5_NN05,population5,NN05,/public/agis/wanfanghao_group/zoujianghua/sorted_data/population5/NN05/FP150000349BR_L01_195_1.fq.gz,/public/agis/wanfanghao_group/zoujianghua/sorted_data/population5/NN05/FP150000349BR_L01_195_2.fq.gz
population5_YL04,population5,YL04,/public/agis/wanfanghao_group/zoujianghua/sorted_data/population5/YL04/FP150000349BR_L01_196_1.fq.gz,/public/agis/wanfanghao_group/zoujianghua/sorted_data/population5/YL04/FP150000349BR_L01_196_2.fq.gz
population5_YL05,population5,YL05,/public/agis/wanfanghao_group/zoujianghua/sorted_data/population5/YL05/FP150000349BR_L01_197_1.fq.gz,/public/agis/wanfanghao_group/zoujianghua/sorted_data/population5/YL05/FP150000349BR_L01_197_2.fq.gz
population5_YL06,population5,YL06,/public/agis/wanfanghao_group/zoujianghua/sorted_data/population5/YL06/FP150000349BR_L01_198_1.fq.gz,/public/agis/wanfanghao_group/zoujianghua/sorted_data/population5/YL06/FP150000349BR_L01_198_2.fq.gz
population5_YL07,population5,YL07,/public/agis/wanfanghao_group/zoujianghua/sorted_data/population5/YL07/E100055946_L01_413_1.fq.gz,/public/agis/wanfanghao_group/zoujianghua/sorted_data/population5/YL07/E100055946_L01_413_2.fq.gz
population5_YL08,population5,YL08,/public/agis/wanfanghao_group/zoujianghua/sorted_data/population5/YL08/FP150000349BR_L01_199_1.fq.gz,/public/agis/wanfanghao_group/zoujianghua/sorted_data/population5/YL08/FP150000349BR_L01_199_2.fq.gz
population6_DZ01,population6,DZ01,/public/agis/wanfanghao_group/zoujianghua/sorted_data/population6/DZ01/FP150000409TR_L01_463_1.fq.gz,/public/agis/wanfanghao_group/zoujianghua/sorted_data/population6/DZ01/FP150000409TR_L01_463_2.fq.gz
population6_DZ02,population6,DZ02,/public/agis/wanfanghao_group/zoujianghua/sorted_data/population6/DZ02/FP150000409TR_L01_462_1.fq.gz,/public/agis/wanfanghao_group/zoujianghua/sorted_data/population6/DZ02/FP150000409TR_L01_462_2.fq.gz
population6_DZ03,population6,DZ03,/public/agis/wanfanghao_group/zoujianghua/sorted_data/population6/DZ03/FP150000413BL_L01_457_1.fq.gz,/public/agis/wanfanghao_group/zoujianghua/sorted_data/population6/DZ03/FP150000413BL_L01_457_2.fq.gz
population6_DZ04,population6,DZ04,/public/agis/wanfanghao_group/zoujianghua/sorted_data/population6/DZ04/FP150000413BL_L01_453_1.fq.gz,/public/agis/wanfanghao_group/zoujianghua/sorted_data/population6/DZ04/FP150000413BL_L01_453_2.fq.gz
population6_DZ05,population6,DZ05,/public/agis/wanfanghao_group/zoujianghua/sorted_data/population6/DZ05/FP150000413BL_L01_455_1.fq.gz,/public/agis/wanfanghao_group/zoujianghua/sorted_data/population6/DZ05/FP150000413BL_L01_455_2.fq.gz
population6_DZ06,population6,DZ06,/public/agis/wanfanghao_group/zoujianghua/sorted_data/population6/DZ06/FP150000413BL_L01_452_1.fq.gz,/public/agis/wanfanghao_group/zoujianghua/sorted_data/population6/DZ06/FP150000413BL_L01_452_2.fq.gz
population6_DZ07,population6,DZ07,/public/agis/wanfanghao_group/zoujianghua/sorted_data/population6/DZ07/FP150000409TR_L01_287_1.fq.gz,/public/agis/wanfanghao_group/zoujianghua/sorted_data/population6/DZ07/FP150000409TR_L01_287_2.fq.gz
population6_WC05,population6,WC05,/public/agis/wanfanghao_group/zoujianghua/sorted_data/population6/WC05/FP150000413BL_L01_456_1.fq.gz,/public/agis/wanfanghao_group/zoujianghua/sorted_data/population6/WC05/FP150000413BL_L01_456_2.fq.gz
population6_WC06,population6,WC06,/public/agis/wanfanghao_group/zoujianghua/sorted_data/population6/WC06/DP8450003233TL_L01_289_1.fq.gz,/public/agis/wanfanghao_group/zoujianghua/sorted_data/population6/WC06/DP8450003233TL_L01_289_2.fq.gz
population6_WC07,population6,WC07,/public/agis/wanfanghao_group/zoujianghua/sorted_data/population6/WC07/FP150000409TR_L01_288_1.fq.gz,/public/agis/wanfanghao_group/zoujianghua/sorted_data/population6/WC07/FP150000409TR_L01_288_2.fq.gz
population6_WC08,population6,WC08,/public/agis/wanfanghao_group/zoujianghua/sorted_data/population6/WC08/FP150000409TR_L01_464_1.fq.gz,/public/agis/wanfanghao_group/zoujianghua/sorted_data/population6/WC08/FP150000409TR_L01_464_2.fq.gz
population6_WC09,population6,WC09,/public/agis/wanfanghao_group/zoujianghua/sorted_data/population6/WC09/FP150000413BL_L01_451_1.fq.gz,/public/agis/wanfanghao_group/zoujianghua/sorted_data/population6/WC09/FP150000413BL_L01_451_2.fq.gz
population6_WC11,population6,WC11,/public/agis/wanfanghao_group/zoujianghua/sorted_data/population6/WC11/FP150000413BL_L01_461_1.fq.gz,/public/agis/wanfanghao_group/zoujianghua/sorted_data/population6/WC11/FP150000413BL_L01_461_2.fq.gz
population7_DF01,population7,DF01,/public/agis/wanfanghao_group/zoujianghua/sorted_data/population7/DF01/FP150001911BR_L01_424_1.fq.gz,/public/agis/wanfanghao_group/zoujianghua/sorted_data/population7/DF01/FP150001911BR_L01_424_2.fq.gz
population7_DF02,population7,DF02,/public/agis/wanfanghao_group/zoujianghua/sorted_data/population7/DF02/FP150001913BR_L01_425_1.fq.gz,/public/agis/wanfanghao_group/zoujianghua/sorted_data/population7/DF02/FP150001913BR_L01_425_2.fq.gz
population7_DF03,population7,DF03,/public/agis/wanfanghao_group/zoujianghua/sorted_data/population7/DF03/FP150001913BR_L01_426_1.fq.gz,/public/agis/wanfanghao_group/zoujianghua/sorted_data/population7/DF03/FP150001913BR_L01_426_2.fq.gz
population7_DF04,population7,DF04,/public/agis/wanfanghao_group/zoujianghua/sorted_data/population7/DF04/FP150001913BR_L01_427_1.fq.gz,/public/agis/wanfanghao_group/zoujianghua/sorted_data/population7/DF04/FP150001913BR_L01_427_2.fq.gz
population7_DF05,population7,DF05,/public/agis/wanfanghao_group/zoujianghua/sorted_data/population7/DF05/FP150001913BR_L01_428_1.fq.gz,/public/agis/wanfanghao_group/zoujianghua/sorted_data/population7/DF05/FP150001913BR_L01_428_2.fq.gz
population7_DF06,population7,DF06,/public/agis/wanfanghao_group/zoujianghua/sorted_data/population7/DF06/FP150001913BR_L01_429_1.fq.gz,/public/agis/wanfanghao_group/zoujianghua/sorted_data/population7/DF06/FP150001913BR_L01_429_2.fq.gz
population7_DF07,population7,DF07,/public/agis/wanfanghao_group/zoujianghua/sorted_data/population7/DF07/FP150001913BR_L01_431_1.fq.gz,/public/agis/wanfanghao_group/zoujianghua/sorted_data/population7/DF07/FP150001913BR_L01_431_2.fq.gz
population7_DF08,population7,DF08,/public/agis/wanfanghao_group/zoujianghua/sorted_data/population7/DF08/FP150001913BR_L01_432_1.fq.gz,/public/agis/wanfanghao_group/zoujianghua/sorted_data/population7/DF08/FP150001913BR_L01_432_2.fq.gz
population7_DF09,population7,DF09,/public/agis/wanfanghao_group/zoujianghua/sorted_data/population7/DF09/FP150001913BR_L01_433_1.fq.gz,/public/agis/wanfanghao_group/zoujianghua/sorted_data/population7/DF09/FP150001913BR_L01_433_2.fq.gz
population7_DF10,population7,DF10,/public/agis/wanfanghao_group/zoujianghua/sorted_data/population7/DF10/FP150001913BR_L01_434_1.fq.gz,/public/agis/wanfanghao_group/zoujianghua/sorted_data/population7/DF10/FP150001913BR_L01_434_2.fq.gz
population7_PE1-1,population7,PE1-1,/public/agis/wanfanghao_group/zoujianghua/sorted_data/population7/PE1-1/FP150001913BR_L01_380_1.fq.gz,/public/agis/wanfanghao_group/zoujianghua/sorted_data/population7/PE1-1/FP150001913BR_L01_380_2.fq.gz
population7_PE1-10,population7,PE1-10,/public/agis/wanfanghao_group/zoujianghua/sorted_data/population7/PE1-10/FP150001911BR_L01_390_1.fq.gz,/public/agis/wanfanghao_group/zoujianghua/sorted_data/population7/PE1-10/FP150001911BR_L01_390_2.fq.gz
population7_PE1-2,population7,PE1-2,/public/agis/wanfanghao_group/zoujianghua/sorted_data/population7/PE1-2/FP150001911BR_L01_381_1.fq.gz,/public/agis/wanfanghao_group/zoujianghua/sorted_data/population7/PE1-2/FP150001911BR_L01_381_2.fq.gz
population7_PE1-3,population7,PE1-3,/public/agis/wanfanghao_group/zoujianghua/sorted_data/population7/PE1-3/FP150001911BR_L01_382_1.fq.gz,/public/agis/wanfanghao_group/zoujianghua/sorted_data/population7/PE1-3/FP150001911BR_L01_382_2.fq.gz
population7_PE1-4,population7,PE1-4,/public/agis/wanfanghao_group/zoujianghua/sorted_data/population7/PE1-4/FP150001911BR_L01_383_1.fq.gz,/public/agis/wanfanghao_group/zoujianghua/sorted_data/population7/PE1-4/FP150001911BR_L01_383_2.fq.gz
population7_PE1-5,population7,PE1-5,/public/agis/wanfanghao_group/zoujianghua/sorted_data/population7/PE1-5/FP150001913BR_L01_384_1.fq.gz,/public/agis/wanfanghao_group/zoujianghua/sorted_data/population7/PE1-5/FP150001913BR_L01_384_2.fq.gz
population7_PE1-6,population7,PE1-6,/public/agis/wanfanghao_group/zoujianghua/sorted_data/population7/PE1-6/FP150001911BR_L01_385_1.fq.gz,/public/agis/wanfanghao_group/zoujianghua/sorted_data/population7/PE1-6/FP150001911BR_L01_385_2.fq.gz
population7_PE1-7,population7,PE1-7,/public/agis/wanfanghao_group/zoujianghua/sorted_data/population7/PE1-7/FP150001913BR_L01_386_1.fq.gz,/public/agis/wanfanghao_group/zoujianghua/sorted_data/population7/PE1-7/FP150001913BR_L01_386_2.fq.gz
population7_PE1-8,population7,PE1-8,/public/agis/wanfanghao_group/zoujianghua/sorted_data/population7/PE1-8/FP150001911BR_L01_388_1.fq.gz,/public/agis/wanfanghao_group/zoujianghua/sorted_data/population7/PE1-8/FP150001911BR_L01_388_2.fq.gz
population7_PE1-9,population7,PE1-9,/public/agis/wanfanghao_group/zoujianghua/sorted_data/population7/PE1-9/FP150001913BR_L01_389_1.fq.gz,/public/agis/wanfanghao_group/zoujianghua/sorted_data/population7/PE1-9/FP150001913BR_L01_389_2.fq.gz
population7_PE2-1,population7,PE2-1,/public/agis/wanfanghao_group/zoujianghua/sorted_data/population7/PE2-1/FP150001911BR_L01_391_1.fq.gz,/public/agis/wanfanghao_group/zoujianghua/sorted_data/population7/PE2-1/FP150001911BR_L01_391_2.fq.gz
population7_PE2-10,population7,PE2-10,/public/agis/wanfanghao_group/zoujianghua/sorted_data/population7/PE2-10/FP150001913BR_L01_396_1.fq.gz,/public/agis/wanfanghao_group/zoujianghua/sorted_data/population7/PE2-10/FP150001913BR_L01_396_2.fq.gz
population7_PE2-11,population7,PE2-11,/public/agis/wanfanghao_group/zoujianghua/sorted_data/population7/PE2-11/FP150001913BR_L01_440_1.fq.gz,/public/agis/wanfanghao_group/zoujianghua/sorted_data/population7/PE2-11/FP150001913BR_L01_440_2.fq.gz
population7_PE2-2,population7,PE2-2,/public/agis/wanfanghao_group/zoujianghua/sorted_data/population7/PE2-2/FP150001911BR_L01_392_1.fq.gz,/public/agis/wanfanghao_group/zoujianghua/sorted_data/population7/PE2-2/FP150001911BR_L01_392_2.fq.gz
population7_PE2-3,population7,PE2-3,/public/agis/wanfanghao_group/zoujianghua/sorted_data/population7/PE2-3/FP150001911BR_L01_393_1.fq.gz,/public/agis/wanfanghao_group/zoujianghua/sorted_data/population7/PE2-3/FP150001911BR_L01_393_2.fq.gz
population7_PE2-4,population7,PE2-4,/public/agis/wanfanghao_group/zoujianghua/sorted_data/population7/PE2-4/FP150001911BR_L01_394_1.fq.gz,/public/agis/wanfanghao_group/zoujianghua/sorted_data/population7/PE2-4/FP150001911BR_L01_394_2.fq.gz
population7_PE2-5,population7,PE2-5,/public/agis/wanfanghao_group/zoujianghua/sorted_data/population7/PE2-5/FP150001913BR_L01_436_1.fq.gz,/public/agis/wanfanghao_group/zoujianghua/sorted_data/population7/PE2-5/FP150001913BR_L01_436_2.fq.gz
population7_PE2-6,population7,PE2-6,/public/agis/wanfanghao_group/zoujianghua/sorted_data/population7/PE2-6/FP150001913BR_L01_437_1.fq.gz,/public/agis/wanfanghao_group/zoujianghua/sorted_data/population7/PE2-6/FP150001913BR_L01_437_2.fq.gz
population7_PE2-7,population7,PE2-7,/public/agis/wanfanghao_group/zoujianghua/sorted_data/population7/PE2-7/FP150001913BR_L01_395_1.fq.gz,/public/agis/wanfanghao_group/zoujianghua/sorted_data/population7/PE2-7/FP150001913BR_L01_395_2.fq.gz
population7_PE2-8,population7,PE2-8,/public/agis/wanfanghao_group/zoujianghua/sorted_data/population7/PE2-8/FP150001913BR_L01_438_1.fq.gz,/public/agis/wanfanghao_group/zoujianghua/sorted_data/population7/PE2-8/FP150001913BR_L01_438_2.fq.gz
population7_PE2-9,population7,PE2-9,/public/agis/wanfanghao_group/zoujianghua/sorted_data/population7/PE2-9/FP150001913BR_L01_439_1.fq.gz,/public/agis/wanfanghao_group/zoujianghua/sorted_data/population7/PE2-9/FP150001913BR_L01_439_2.fq.gz
population7_PE3-1,population7,PE3-1,/public/agis/wanfanghao_group/zoujianghua/sorted_data/population7/PE3-1/FP150001913BR_L01_441_1.fq.gz,/public/agis/wanfanghao_group/zoujianghua/sorted_data/population7/PE3-1/FP150001913BR_L01_441_2.fq.gz
population7_PE3-10,population7,PE3-10,/public/agis/wanfanghao_group/zoujianghua/sorted_data/population7/PE3-10/FP150001913BR_L01_401_1.fq.gz,/public/agis/wanfanghao_group/zoujianghua/sorted_data/population7/PE3-10/FP150001913BR_L01_401_2.fq.gz
population7_PE3-11,population7,PE3-11,/public/agis/wanfanghao_group/zoujianghua/sorted_data/population7/PE3-11/FP150001911BR_L01_402_1.fq.gz,/public/agis/wanfanghao_group/zoujianghua/sorted_data/population7/PE3-11/FP150001911BR_L01_402_2.fq.gz
population7_PE3-12,population7,PE3-12,/public/agis/wanfanghao_group/zoujianghua/sorted_data/population7/PE3-12/FP150001913BR_L01_446_1.fq.gz,/public/agis/wanfanghao_group/zoujianghua/sorted_data/population7/PE3-12/FP150001913BR_L01_446_2.fq.gz
population7_PE3-2,population7,PE3-2,/public/agis/wanfanghao_group/zoujianghua/sorted_data/population7/PE3-2/FP150001913BR_L01_442_1.fq.gz,/public/agis/wanfanghao_group/zoujianghua/sorted_data/population7/PE3-2/FP150001913BR_L01_442_2.fq.gz
population7_PE3-3,population7,PE3-3,/public/agis/wanfanghao_group/zoujianghua/sorted_data/population7/PE3-3/FP150001913BR_L01_443_1.fq.gz,/public/agis/wanfanghao_group/zoujianghua/sorted_data/population7/PE3-3/FP150001913BR_L01_443_2.fq.gz
population7_PE3-4,population7,PE3-4,/public/agis/wanfanghao_group/zoujianghua/sorted_data/population7/PE3-4/FP150001913BR_L01_444_1.fq.gz,/public/agis/wanfanghao_group/zoujianghua/sorted_data/population7/PE3-4/FP150001913BR_L01_444_2.fq.gz
population7_PE3-5,population7,PE3-5,/public/agis/wanfanghao_group/zoujianghua/sorted_data/population7/PE3-5/FP150001913BR_L01_397_1.fq.gz,/public/agis/wanfanghao_group/zoujianghua/sorted_data/population7/PE3-5/FP150001913BR_L01_397_2.fq.gz
population7_PE3-6,population7,PE3-6,/public/agis/wanfanghao_group/zoujianghua/sorted_data/population7/PE3-6/FP150001911BR_L01_398_1.fq.gz,/public/agis/wanfanghao_group/zoujianghua/sorted_data/population7/PE3-6/FP150001911BR_L01_398_2.fq.gz
population7_PE3-7,population7,PE3-7,/public/agis/wanfanghao_group/zoujianghua/sorted_data/population7/PE3-7/FP150001911BR_L01_399_1.fq.gz,/public/agis/wanfanghao_group/zoujianghua/sorted_data/population7/PE3-7/FP150001911BR_L01_399_2.fq.gz
population7_PE3-8,population7,PE3-8,/public/agis/wanfanghao_group/zoujianghua/sorted_data/population7/PE3-8/FP150001913BR_L01_400_1.fq.gz,/public/agis/wanfanghao_group/zoujianghua/sorted_data/population7/PE3-8/FP150001913BR_L01_400_2.fq.gz
population7_PE3-9,population7,PE3-9,/public/agis/wanfanghao_group/zoujianghua/sorted_data/population7/PE3-9/FP150001913BR_L01_445_1.fq.gz,/public/agis/wanfanghao_group/zoujianghua/sorted_data/population7/PE3-9/FP150001913BR_L01_445_2.fq.gz
population7_QH01,population7,QH01,/public/agis/wanfanghao_group/zoujianghua/sorted_data/population7/QH01/FP150001913BR_L01_403_1.fq.gz,/public/agis/wanfanghao_group/zoujianghua/sorted_data/population7/QH01/FP150001913BR_L01_403_2.fq.gz
population7_QH02,population7,QH02,/public/agis/wanfanghao_group/zoujianghua/sorted_data/population7/QH02/FP150001913BR_L01_404_1.fq.gz,/public/agis/wanfanghao_group/zoujianghua/sorted_data/population7/QH02/FP150001913BR_L01_404_2.fq.gz
population7_QH03,population7,QH03,/public/agis/wanfanghao_group/zoujianghua/sorted_data/population7/QH03/FP150001911BR_L01_405_1.fq.gz,/public/agis/wanfanghao_group/zoujianghua/sorted_data/population7/QH03/FP150001911BR_L01_405_2.fq.gz
population7_QH04,population7,QH04,/public/agis/wanfanghao_group/zoujianghua/sorted_data/population7/QH04/FP150001913BR_L01_406_1.fq.gz,/public/agis/wanfanghao_group/zoujianghua/sorted_data/population7/QH04/FP150001913BR_L01_406_2.fq.gz
population7_QH05,population7,QH05,/public/agis/wanfanghao_group/zoujianghua/sorted_data/population7/QH05/FP150001911BR_L01_407_1.fq.gz,/public/agis/wanfanghao_group/zoujianghua/sorted_data/population7/QH05/FP150001911BR_L01_407_2.fq.gz
population7_QH06,population7,QH06,/public/agis/wanfanghao_group/zoujianghua/sorted_data/population7/QH06/FP150001911BR_L01_408_1.fq.gz,/public/agis/wanfanghao_group/zoujianghua/sorted_data/population7/QH06/FP150001911BR_L01_408_2.fq.gz
population7_QH07,population7,QH07,/public/agis/wanfanghao_group/zoujianghua/sorted_data/population7/QH07/FP150001911BR_L01_409_1.fq.gz,/public/agis/wanfanghao_group/zoujianghua/sorted_data/population7/QH07/FP150001911BR_L01_409_2.fq.gz
population7_QH08,population7,QH08,/public/agis/wanfanghao_group/zoujianghua/sorted_data/population7/QH08/FP150001913BR_L01_410_1.fq.gz,/public/agis/wanfanghao_group/zoujianghua/sorted_data/population7/QH08/FP150001913BR_L01_410_2.fq.gz
population7_QH09,population7,QH09,/public/agis/wanfanghao_group/zoujianghua/sorted_data/population7/QH09/FP150001913BR_L01_411_1.fq.gz,/public/agis/wanfanghao_group/zoujianghua/sorted_data/population7/QH09/FP150001913BR_L01_411_2.fq.gz
population7_QH10,population7,QH10,/public/agis/wanfanghao_group/zoujianghua/sorted_data/population7/QH10/FP150001911BR_L01_412_1.fq.gz,/public/agis/wanfanghao_group/zoujianghua/sorted_data/population7/QH10/FP150001911BR_L01_412_2.fq.gz
population7_SY01,population7,SY01,/public/agis/wanfanghao_group/zoujianghua/sorted_data/population7/SY01/FP150001911BR_L01_413_1.fq.gz,/public/agis/wanfanghao_group/zoujianghua/sorted_data/population7/SY01/FP150001911BR_L01_413_2.fq.gz
population7_SY02,population7,SY02,/public/agis/wanfanghao_group/zoujianghua/sorted_data/population7/SY02/FP150001913BR_L01_414_1.fq.gz,/public/agis/wanfanghao_group/zoujianghua/sorted_data/population7/SY02/FP150001913BR_L01_414_2.fq.gz
population7_SY03,population7,SY03,/public/agis/wanfanghao_group/zoujianghua/sorted_data/population7/SY03/FP150001913BR_L01_415_1.fq.gz,/public/agis/wanfanghao_group/zoujianghua/sorted_data/population7/SY03/FP150001913BR_L01_415_2.fq.gz
population7_SY04,population7,SY04,/public/agis/wanfanghao_group/zoujianghua/sorted_data/population7/SY04/FP150001911BR_L01_416_1.fq.gz,/public/agis/wanfanghao_group/zoujianghua/sorted_data/population7/SY04/FP150001911BR_L01_416_2.fq.gz
population7_SY05,population7,SY05,/public/agis/wanfanghao_group/zoujianghua/sorted_data/population7/SY05/FP150001913BR_L01_417_1.fq.gz,/public/agis/wanfanghao_group/zoujianghua/sorted_data/population7/SY05/FP150001913BR_L01_417_2.fq.gz
population7_SY06,population7,SY06,/public/agis/wanfanghao_group/zoujianghua/sorted_data/population7/SY06/FP150001913BR_L01_418_1.fq.gz,/public/agis/wanfanghao_group/zoujianghua/sorted_data/population7/SY06/FP150001913BR_L01_418_2.fq.gz
population7_SY07,population7,SY07,/public/agis/wanfanghao_group/zoujianghua/sorted_data/population7/SY07/FP150001913BR_L01_419_1.fq.gz,/public/agis/wanfanghao_group/zoujianghua/sorted_data/population7/SY07/FP150001913BR_L01_419_2.fq.gz
population7_SY08,population7,SY08,/public/agis/wanfanghao_group/zoujianghua/sorted_data/population7/SY08/FP150001913BR_L01_420_1.fq.gz,/public/agis/wanfanghao_group/zoujianghua/sorted_data/population7/SY08/FP150001913BR_L01_420_2.fq.gz
population7_SY09,population7,SY09,/public/agis/wanfanghao_group/zoujianghua/sorted_data/population7/SY09/FP150001913BR_L01_421_1.fq.gz,/public/agis/wanfanghao_group/zoujianghua/sorted_data/population7/SY09/FP150001913BR_L01_421_2.fq.gz
population7_SY10,population7,SY10,/public/agis/wanfanghao_group/zoujianghua/sorted_data/population7/SY10/FP150001911BR_L01_423_1.fq.gz,/public/agis/wanfanghao_group/zoujianghua/sorted_data/population7/SY10/FP150001911BR_L01_423_2.fq.gz
yunnan50_BS01,yunnan50,BS01,/public/agis/wanfanghao_group/zoujianghua/sorted_data/yunnan50/BS01/FP150000414BL_L01_403_1.fq.gz,/public/agis/wanfanghao_group/zoujianghua/sorted_data/yunnan50/BS01/FP150000414BL_L01_403_2.fq.gz
yunnan50_BS02,yunnan50,BS02,/public/agis/wanfanghao_group/zoujianghua/sorted_data/yunnan50/BS02/FP150000414BL_L01_410_1.fq.gz,/public/agis/wanfanghao_group/zoujianghua/sorted_data/yunnan50/BS02/FP150000414BL_L01_410_2.fq.gz
yunnan50_BS03,yunnan50,BS03,/public/agis/wanfanghao_group/zoujianghua/sorted_data/yunnan50/BS03/FP150000413BL_L01_369_1.fq.gz,/public/agis/wanfanghao_group/zoujianghua/sorted_data/yunnan50/BS03/FP150000413BL_L01_369_2.fq.gz
yunnan50_BS04,yunnan50,BS04,/public/agis/wanfanghao_group/zoujianghua/sorted_data/yunnan50/BS04/FP150000414BL_L01_399_1.fq.gz,/public/agis/wanfanghao_group/zoujianghua/sorted_data/yunnan50/BS04/FP150000414BL_L01_399_2.fq.gz
yunnan50_BS05,yunnan50,BS05,/public/agis/wanfanghao_group/zoujianghua/sorted_data/yunnan50/BS05/FP150000413BL_L01_374_1.fq.gz,/public/agis/wanfanghao_group/zoujianghua/sorted_data/yunnan50/BS05/FP150000413BL_L01_374_2.fq.gz
yunnan50_BS06,yunnan50,BS06,/public/agis/wanfanghao_group/zoujianghua/sorted_data/yunnan50/BS06/FP150000414BL_L01_413_1.fq.gz,/public/agis/wanfanghao_group/zoujianghua/sorted_data/yunnan50/BS06/FP150000414BL_L01_413_2.fq.gz
yunnan50_BS07,yunnan50,BS07,/public/agis/wanfanghao_group/zoujianghua/sorted_data/yunnan50/BS07/FP150000414BL_L01_390_1.fq.gz,/public/agis/wanfanghao_group/zoujianghua/sorted_data/yunnan50/BS07/FP150000414BL_L01_390_2.fq.gz
yunnan50_BS08,yunnan50,BS08,/public/agis/wanfanghao_group/zoujianghua/sorted_data/yunnan50/BS08/FP150000414BL_L01_406_1.fq.gz,/public/agis/wanfanghao_group/zoujianghua/sorted_data/yunnan50/BS08/FP150000414BL_L01_406_2.fq.gz
yunnan50_BS09,yunnan50,BS09,/public/agis/wanfanghao_group/zoujianghua/sorted_data/yunnan50/BS09/FP150000414BL_L01_389_1.fq.gz,/public/agis/wanfanghao_group/zoujianghua/sorted_data/yunnan50/BS09/FP150000414BL_L01_389_2.fq.gz
yunnan50_BS10,yunnan50,BS10,/public/agis/wanfanghao_group/zoujianghua/sorted_data/yunnan50/BS10/FP150000414BL_L01_405_1.fq.gz,/public/agis/wanfanghao_group/zoujianghua/sorted_data/yunnan50/BS10/FP150000414BL_L01_405_2.fq.gz
yunnan50_LC01,yunnan50,LC01,/public/agis/wanfanghao_group/zoujianghua/sorted_data/yunnan50/LC01/FP150000414BL_L01_391_1.fq.gz,/public/agis/wanfanghao_group/zoujianghua/sorted_data/yunnan50/LC01/FP150000414BL_L01_391_2.fq.gz
yunnan50_LC02,yunnan50,LC02,/public/agis/wanfanghao_group/zoujianghua/sorted_data/yunnan50/LC02/FP150000414BL_L01_408_1.fq.gz,/public/agis/wanfanghao_group/zoujianghua/sorted_data/yunnan50/LC02/FP150000414BL_L01_408_2.fq.gz
yunnan50_LC03,yunnan50,LC03,/public/agis/wanfanghao_group/zoujianghua/sorted_data/yunnan50/LC03/FP150000414BL_L01_388_1.fq.gz,/public/agis/wanfanghao_group/zoujianghua/sorted_data/yunnan50/LC03/FP150000414BL_L01_388_2.fq.gz
yunnan50_LC04,yunnan50,LC04,/public/agis/wanfanghao_group/zoujianghua/sorted_data/yunnan50/LC04/FP150000414BL_L01_386_1.fq.gz,/public/agis/wanfanghao_group/zoujianghua/sorted_data/yunnan50/LC04/FP150000414BL_L01_386_2.fq.gz
yunnan50_LC05,yunnan50,LC05,/public/agis/wanfanghao_group/zoujianghua/sorted_data/yunnan50/LC05/FP150000414BL_L01_395_1.fq.gz,/public/agis/wanfanghao_group/zoujianghua/sorted_data/yunnan50/LC05/FP150000414BL_L01_395_2.fq.gz
yunnan50_LC06,yunnan50,LC06,/public/agis/wanfanghao_group/zoujianghua/sorted_data/yunnan50/LC06/FP150000414BL_L01_397_1.fq.gz,/public/agis/wanfanghao_group/zoujianghua/sorted_data/yunnan50/LC06/FP150000414BL_L01_397_2.fq.gz
yunnan50_LC07,yunnan50,LC07,/public/agis/wanfanghao_group/zoujianghua/sorted_data/yunnan50/LC07/FP150000413BL_L01_378_1.fq.gz,/public/agis/wanfanghao_group/zoujianghua/sorted_data/yunnan50/LC07/FP150000413BL_L01_378_2.fq.gz
yunnan50_LC08,yunnan50,LC08,/public/agis/wanfanghao_group/zoujianghua/sorted_data/yunnan50/LC08/FP150000413BL_L01_366_1.fq.gz,/public/agis/wanfanghao_group/zoujianghua/sorted_data/yunnan50/LC08/FP150000413BL_L01_366_2.fq.gz
yunnan50_LC09,yunnan50,LC09,/public/agis/wanfanghao_group/zoujianghua/sorted_data/yunnan50/LC09/FP150000413BL_L01_375_1.fq.gz,/public/agis/wanfanghao_group/zoujianghua/sorted_data/yunnan50/LC09/FP150000413BL_L01_375_2.fq.gz
yunnan50_LC10,yunnan50,LC10,/public/agis/wanfanghao_group/zoujianghua/sorted_data/yunnan50/LC10/FP150000414BL_L01_398_1.fq.gz,/public/agis/wanfanghao_group/zoujianghua/sorted_data/yunnan50/LC10/FP150000414BL_L01_398_2.fq.gz
yunnan50_MH01,yunnan50,MH01,/public/agis/wanfanghao_group/zoujianghua/sorted_data/yunnan50/MH01/FP150000409TR_L01_355_1.fq.gz,/public/agis/wanfanghao_group/zoujianghua/sorted_data/yunnan50/MH01/FP150000409TR_L01_355_2.fq.gz
yunnan50_MH02,yunnan50,MH02,/public/agis/wanfanghao_group/zoujianghua/sorted_data/yunnan50/MH02/FP150000409TR_L01_357_1.fq.gz,/public/agis/wanfanghao_group/zoujianghua/sorted_data/yunnan50/MH02/FP150000409TR_L01_357_2.fq.gz
yunnan50_MH03,yunnan50,MH03,/public/agis/wanfanghao_group/zoujianghua/sorted_data/yunnan50/MH03/FP150000409TR_L01_358_1.fq.gz,/public/agis/wanfanghao_group/zoujianghua/sorted_data/yunnan50/MH03/FP150000409TR_L01_358_2.fq.gz
yunnan50_MH04,yunnan50,MH04,/public/agis/wanfanghao_group/zoujianghua/sorted_data/yunnan50/MH04/FP150000409TR_L01_359_1.fq.gz,/public/agis/wanfanghao_group/zoujianghua/sorted_data/yunnan50/MH04/FP150000409TR_L01_359_2.fq.gz
yunnan50_MH05,yunnan50,MH05,/public/agis/wanfanghao_group/zoujianghua/sorted_data/yunnan50/MH05/FP150000409TR_L01_360_1.fq.gz,/public/agis/wanfanghao_group/zoujianghua/sorted_data/yunnan50/MH05/FP150000409TR_L01_360_2.fq.gz
yunnan50_MH06,yunnan50,MH06,/public/agis/wanfanghao_group/zoujianghua/sorted_data/yunnan50/MH06/FP150000409TR_L01_361_1.fq.gz,/public/agis/wanfanghao_group/zoujianghua/sorted_data/yunnan50/MH06/FP150000409TR_L01_361_2.fq.gz
yunnan50_MH07,yunnan50,MH07,/public/agis/wanfanghao_group/zoujianghua/sorted_data/yunnan50/MH07/FP150000409TR_L01_362_1.fq.gz,/public/agis/wanfanghao_group/zoujianghua/sorted_data/yunnan50/MH07/FP150000409TR_L01_362_2.fq.gz
yunnan50_MH08,yunnan50,MH08,/public/agis/wanfanghao_group/zoujianghua/sorted_data/yunnan50/MH08/FP150000409TR_L01_363_1.fq.gz,/public/agis/wanfanghao_group/zoujianghua/sorted_data/yunnan50/MH08/FP150000409TR_L01_363_2.fq.gz
yunnan50_MH09,yunnan50,MH09,/public/agis/wanfanghao_group/zoujianghua/sorted_data/yunnan50/MH09/FP150000413BL_L01_364_1.fq.gz,/public/agis/wanfanghao_group/zoujianghua/sorted_data/yunnan50/MH09/FP150000413BL_L01_364_2.fq.gz
yunnan50_MH10,yunnan50,MH10,/public/agis/wanfanghao_group/zoujianghua/sorted_data/yunnan50/MH10/FP150000413BL_L01_365_1.fq.gz,/public/agis/wanfanghao_group/zoujianghua/sorted_data/yunnan50/MH10/FP150000413BL_L01_365_2.fq.gz
yunnan50_RL01,yunnan50,RL01,/public/agis/wanfanghao_group/zoujianghua/sorted_data/yunnan50/RL01/FP150000413BL_L01_376_1.fq.gz,/public/agis/wanfanghao_group/zoujianghua/sorted_data/yunnan50/RL01/FP150000413BL_L01_376_2.fq.gz
yunnan50_RL02,yunnan50,RL02,/public/agis/wanfanghao_group/zoujianghua/sorted_data/yunnan50/RL02/FP150000414BL_L01_392_1.fq.gz,/public/agis/wanfanghao_group/zoujianghua/sorted_data/yunnan50/RL02/FP150000414BL_L01_392_2.fq.gz
yunnan50_RL03,yunnan50,RL03,/public/agis/wanfanghao_group/zoujianghua/sorted_data/yunnan50/RL03/FP150000413BL_L01_384_1.fq.gz,/public/agis/wanfanghao_group/zoujianghua/sorted_data/yunnan50/RL03/FP150000413BL_L01_384_2.fq.gz
yunnan50_RL04,yunnan50,RL04,/public/agis/wanfanghao_group/zoujianghua/sorted_data/yunnan50/RL04/FP150000413BL_L01_373_1.fq.gz,/public/agis/wanfanghao_group/zoujianghua/sorted_data/yunnan50/RL04/FP150000413BL_L01_373_2.fq.gz
yunnan50_RL05,yunnan50,RL05,/public/agis/wanfanghao_group/zoujianghua/sorted_data/yunnan50/RL05/FP150000413BL_L01_379_1.fq.gz,/public/agis/wanfanghao_group/zoujianghua/sorted_data/yunnan50/RL05/FP150000413BL_L01_379_2.fq.gz
yunnan50_RL06,yunnan50,RL06,/public/agis/wanfanghao_group/zoujianghua/sorted_data/yunnan50/RL06/FP150000414BL_L01_407_1.fq.gz,/public/agis/wanfanghao_group/zoujianghua/sorted_data/yunnan50/RL06/FP150000414BL_L01_407_2.fq.gz
yunnan50_RL07,yunnan50,RL07,/public/agis/wanfanghao_group/zoujianghua/sorted_data/yunnan50/RL07/FP150000414BL_L01_401_1.fq.gz,/public/agis/wanfanghao_group/zoujianghua/sorted_data/yunnan50/RL07/FP150000414BL_L01_401_2.fq.gz
yunnan50_RL08,yunnan50,RL08,/public/agis/wanfanghao_group/zoujianghua/sorted_data/yunnan50/RL08/FP150000414BL_L01_404_1.fq.gz,/public/agis/wanfanghao_group/zoujianghua/sorted_data/yunnan50/RL08/FP150000414BL_L01_404_2.fq.gz
yunnan50_RL09,yunnan50,RL09,/public/agis/wanfanghao_group/zoujianghua/sorted_data/yunnan50/RL09/FP150000413BL_L01_371_1.fq.gz,/public/agis/wanfanghao_group/zoujianghua/sorted_data/yunnan50/RL09/FP150000413BL_L01_371_2.fq.gz
yunnan50_RL10,yunnan50,RL10,/public/agis/wanfanghao_group/zoujianghua/sorted_data/yunnan50/RL10/FP150000413BL_L01_383_1.fq.gz,/public/agis/wanfanghao_group/zoujianghua/sorted_data/yunnan50/RL10/FP150000413BL_L01_383_2.fq.gz
yunnan50_YJ01,yunnan50,YJ01,/public/agis/wanfanghao_group/zoujianghua/sorted_data/yunnan50/YJ01/FP150000413BL_L01_381_1.fq.gz,/public/agis/wanfanghao_group/zoujianghua/sorted_data/yunnan50/YJ01/FP150000413BL_L01_381_2.fq.gz
yunnan50_YJ02,yunnan50,YJ02,/public/agis/wanfanghao_group/zoujianghua/sorted_data/yunnan50/YJ02/FP150000413BL_L01_370_1.fq.gz,/public/agis/wanfanghao_group/zoujianghua/sorted_data/yunnan50/YJ02/FP150000413BL_L01_370_2.fq.gz
yunnan50_YJ03,yunnan50,YJ03,/public/agis/wanfanghao_group/zoujianghua/sorted_data/yunnan50/YJ03/FP150000413BL_L01_368_1.fq.gz,/public/agis/wanfanghao_group/zoujianghua/sorted_data/yunnan50/YJ03/FP150000413BL_L01_368_2.fq.gz
yunnan50_YJ04,yunnan50,YJ04,/public/agis/wanfanghao_group/zoujianghua/sorted_data/yunnan50/YJ04/FP150000413BL_L01_382_1.fq.gz,/public/agis/wanfanghao_group/zoujianghua/sorted_data/yunnan50/YJ04/FP150000413BL_L01_382_2.fq.gz
yunnan50_YJ05,yunnan50,YJ05,/public/agis/wanfanghao_group/zoujianghua/sorted_data/yunnan50/YJ05/FP150000413BL_L01_372_1.fq.gz,/public/agis/wanfanghao_group/zoujianghua/sorted_data/yunnan50/YJ05/FP150000413BL_L01_372_2.fq.gz
yunnan50_YJ06,yunnan50,YJ06,/public/agis/wanfanghao_group/zoujianghua/sorted_data/yunnan50/YJ06/FP150000414BL_L01_387_1.fq.gz,/public/agis/wanfanghao_group/zoujianghua/sorted_data/yunnan50/YJ06/FP150000414BL_L01_387_2.fq.gz
yunnan50_YJ07,yunnan50,YJ07,/public/agis/wanfanghao_group/zoujianghua/sorted_data/yunnan50/YJ07/FP150000414BL_L01_400_1.fq.gz,/public/agis/wanfanghao_group/zoujianghua/sorted_data/yunnan50/YJ07/FP150000414BL_L01_400_2.fq.gz
yunnan50_YJ08,yunnan50,YJ08,/public/agis/wanfanghao_group/zoujianghua/sorted_data/yunnan50/YJ08/FP150000414BL_L01_394_1.fq.gz,/public/agis/wanfanghao_group/zoujianghua/sorted_data/yunnan50/YJ08/FP150000414BL_L01_394_2.fq.gz
yunnan50_YJ09,yunnan50,YJ09,/public/agis/wanfanghao_group/zoujianghua/sorted_data/yunnan50/YJ09/FP150000413BL_L01_380_1.fq.gz,/public/agis/wanfanghao_group/zoujianghua/sorted_data/yunnan50/YJ09/FP150000413BL_L01_380_2.fq.gz
yunnan50_YJ10,yunnan50,YJ10,/public/agis/wanfanghao_group/zoujianghua/sorted_data/yunnan50/YJ10/FP150000414BL_L01_396_1.fq.gz,/public/agis/wanfanghao_group/zoujianghua/sorted_data/yunnan50/YJ10/FP150000414BL_L01_396_2.fq.gz
